{
  "calibration_time": "2026-03-10 17:29:31",
  "success": true,
  "camera_matrix": [
    [
      10416.774302494816,
      0.0,
      1525.0074901738346
    ],
    [
      0.0,
      10448.46481487366,
      1029.1974106759976
    ],
    [
      0.0,
      0.0,
      1.0
    ]
  ],
  "distortion_coeffs": [
    [
      0.03168624425081455,
      3.160611864147265,
      0.0007927818463434905,
      -0.001904192993589781,
      0.6301853349635222
    ]
  ],
  "camera_reprojection_error": 1.093502832562737
}