{
  "calibration_time": "2026-03-09 10:32:23",
  "success": true,
  "camera_matrix": [
    [
      6402.078881693916,
      0.0,
      2806.2301468092446
    ],
    [
      0.0,
      6397.884443876485,
      1752.0331366566347
    ],
    [
      0.0,
      0.0,
      1.0
    ]
  ],
  "distortion_coeffs": [
    [
      -0.02870355217379799,
      0.42500668070834485,
      -0.005816856605768496,
      -0.003567981957141571,
      -1.7163259259331223
    ]
  ],
  "camera_reprojection_error": 2.2602155313078423
}